,AppID,Name
0,730,Counter-Strike 2
1,578080,PUBG: BATTLEGROUNDS
2,271590,Grand Theft Auto V
3,488822,Tom Clancy's Rainbow Six¬Æ Siege
4,359550,Tom Clancy's Rainbow Six¬Æ Siege
5,488823,Tom Clancy's Rainbow Six¬Æ Siege
6,488821,Tom Clancy's Rainbow Six¬Æ Siege
7,488824,Tom Clancy's Rainbow Six¬Æ Siege
8,105600,Terraria
9,4000,Garry's Mod
10,252490,Rust
11,431960,Wallpaper Engine
12,292030,The Witcher 3: Wild Hunt
13,1245620,ELDEN RING
14,1091500,Cyberpunk 2077
15,550,Left 4 Dead 2
16,553850,HELLDIVERS‚Ñ¢ 2
17,413150,Stardew Valley
18,227300,Euro Truck Simulator 2
19,945360,Among Us
20,2358720,Black Myth: Wukong
21,1086940,Baldur's Gate 3
22,739630,Phasmophobia
23,1174180,Red Dead Redemption 2
24,381210,Dead by Daylight
25,346110,ARK: Survival Evolved
26,242760,The Forest
27,252950,Rocket League¬Æ
28,218620,PAYDAY 2
29,1097150,Fall Guys
30,892970,Valheim
31,1966720,Lethal Company
32,322170,Geometry Dash
33,659,Portal 2
34,620,Portal 2
35,1938090,Call of Duty¬Æ
36,221100,DayZ
37,367520,Hollow Knight
38,239140,Dying Light
39,322330,Don't Starve Together
40,1172620,Sea of Thieves: 2024 Edition
41,960090,Bloons TD 6
42,582010,Monster Hunter: World
43,648800,Raft
44,1623730,Palworld
45,250900,The Binding of Isaac: Rebirth
46,264710,Subnautica
47,377160,Fallout 4
48,374320,DARK SOULS‚Ñ¢ III
49,1145360,Hades
50,284160,BeamNG.drive
51,548430,Deep Rock Galactic
52,1118200,People Playground
53,108600,Project Zomboid
54,275850,No Man's Sky
55,1063730,New World
56,289070,Sid Meier‚Äôs Civilization¬Æ VI
57,251570,7 Days to Die
58,1293830,Forza Horizon 4
59,1794680,Vampire Survivors
60,394360,Hearts of Iron IV
61,814380,Sekiro‚Ñ¢: Shadows Die Twice - GOTY Edition
62,1517290,Battlefield‚Ñ¢ 2042
63,391540,Undertale
64,976730,Halo: The Master Chief Collection
65,107410,Arma 3
66,1237970,Titanfall¬Æ 2
67,990080,Hogwarts Legacy
68,632360,Risk of Rain 2
69,49520,Borderlands 2
70,1238810,Battlefield‚Ñ¢ V
71,261550,Mount & Blade II: Bannerlord
72,255710,Cities: Skylines
73,1203220,NARAKA: BLADEPOINT
74,1468810,È¨ºË∞∑ÂÖ´Ëçí Tale of Immortal
75,1326470,Sons Of The Forest
76,72850,The Elder Scrolls V: Skyrim
77,594650,Hunt: Showdown 1896
78,1551360,Forza Horizon 5
79,22380,Fallout: New Vegas
80,782330,DOOM Eternal
81,489830,The Elder Scrolls V: Skyrim Special Edition
82,294100,RimWorld
83,435150,Divinity: Original Sin 2 - Definitive Edition
84,220,Half-Life 2
85,477160,Human Fall Flat
86,427520,Factorio
87,10,Counter-Strike
88,1144200,Ready or Not
89,268910,Cuphead
90,2995920,It Takes Two Friend's Pass
91,1426210,It Takes Two
92,526870,Satisfactory
93,552520,Far Cry¬Æ 5
94,433850,Z1 Battle Royale
95,812140,Assassin's Creed¬Æ Odyssey
96,646570,Slay the Spire
97,52003,Portal
98,400,Portal
99,12210,Grand Theft Auto IV: The Complete Edition
100,393380,Squad
101,1238840,Battlefield‚Ñ¢ 1
102,518790,theHunter: Call of the Wild‚Ñ¢
103,588650,Dead Cells
104,270880,American Truck Simulator
105,379720,DOOM
106,366842,Call of Duty¬Æ: Black Ops III
107,311210,Call of Duty¬Æ: Black Ops III
108,388520,Call of Duty¬Æ: Black Ops III
109,534380,Dying Light 2 Stay Human: Reloaded Edition
110,813780,Age of Empires II: Definitive Edition
111,1332010,Stray
112,48700,Mount & Blade: Warband
113,1172380,STAR WARS Jedi: Fallen Order‚Ñ¢
114,1085660,Destiny 2
115,1811260,EA SPORTS‚Ñ¢ FIFA 23
116,1962391,EA SPORTS‚Ñ¢ FIFA 23
117,306130,The Elder Scrolls¬Æ Online
118,262060,Darkest Dungeon¬Æ
119,8930,Sid Meier's Civilization¬Æ V
120,50100,Sid Meier's Civilization¬Æ V
121,1057090,Ori and the Will of the Wisps
122,3590,Plants vs. Zombies GOTY Edition
123,240,Counter-Strike: Source
124,211820,Starbound
125,508440,Totally Accurate Battle Simulator
126,281990,Stellaris
127,671860,BattleBit Remastered
128,319630,Life is Strange - Episode 1
129,1832640,Mirror 2: Project X
130,457140,Oxygen Not Included
131,1229490,ULTRAKILL
132,433340,Slime Rancher
133,1092790,Inscryption
134,362890,Black Mesa
135,883710,Resident Evil 2
136,397540,Borderlands 3
137,1222140,Detroit: Become Human
138,244210,Assetto Corsa
139,391220,Rise of the Tomb Raider‚Ñ¢
140,1716740,Starfield
141,774171,Muse Dash
142,8870,BioShock Infinite
143,361420,ASTRONEER
144,1506830,FIFA 22
145,1868140,DAVE THE DIVER
146,379430,Kingdom Come: Deliverance
147,220200,Kerbal Space Program
148,1593500,God of War
149,387990,Scrap Mechanic
150,524220,NieR:Automata‚Ñ¢
151,1222680,Need for Speed‚Ñ¢ Heat
152,225540,Just Cause‚Ñ¢ 3
153,674940,Stick Fight: The Game
154,244850,Space Engineers
155,582160,Assassin's Creed¬Æ Origins
156,504230,Celeste
157,70,Half-Life
158,220240,Far Cry 3
159,581320,Insurgency: Sandstorm
160,412020,Metro Exodus
161,1449560,Metro Exodus
162,305620,The Long Dark
163,2050650,Resident Evil 4
164,219740,Don't Starve
165,323190,Frostpunk
166,632470,Disco Elysium - The Final Cut
167,304390,FOR HONOR‚Ñ¢
168,629760,MORDHAU
169,204360,Castle Crashers¬Æ
170,1151640,Horizon Zero Dawn‚Ñ¢ Complete Edition
171,1167630,Teardown
172,223470,POSTAL 2
173,899770,Last Epoch
174,236850,Europa Universalis IV
175,222880,Insurgency
176,238320,Outlast
177,601150,Devil May Cry 5
178,594570,Total War: WARHAMMER II
179,208650,Batman‚Ñ¢: Arkham Knight
180,1604030,V Rising
181,2380511,EA SPORTS FC‚Ñ¢ 24
182,2380512,EA SPORTS FC‚Ñ¢ 24
183,2195250,EA SPORTS FC‚Ñ¢ 24
184,2380513,EA SPORTS FC‚Ñ¢ 24
185,513710,SCUM
186,219150,Hotline Miami
187,848450,Subnautica: Below Zero
188,686810,Hell Let Loose
189,221380,Age of Empires II (Retired)
190,282070,This War of Mine
191,232090,Killing Floor 2
192,1217060,Gunfire Reborn
193,1361210,"Warhammer 40,000: Darktide"
194,546560,Half-Life: Alyx
195,552500,Warhammer: Vermintide 2
196,219990,Grim Dawn
197,613100,House Flipper
198,1222670,The Sims‚Ñ¢ 4
199,460930,Tom Clancy's Ghost Recon¬Æ Wildlands
200,376210,The Isle
201,1942280,Brotato
202,356190,Middle-earth‚Ñ¢: Shadow of War‚Ñ¢
203,1142710,Total War: WARHAMMER III
204,1313140,Cult of the Lamb
205,1196590,Resident Evil Village
206,20920,The Witcher 2: Assassins of Kings Enhanced Edition
207,644560,Mirror
208,286690,Metro 2033 Redux
209,976310,Mortal Kombat¬†11
210,233860,Kenshi
211,20900,The Witcher: Enhanced Edition Director's Cut
212,1366540,Dyson Sphere Program
213,635260,CarX Drift Racing Online
214,1158310,Crusader Kings III
215,359320,Elite Dangerous
216,383870,Firewatch
217,365590,Tom Clancy‚Äôs The Division‚Ñ¢
218,311690,Enter the Gungeon
219,570940,DARK SOULS‚Ñ¢: REMASTERED
220,447040,Watch_Dogs¬Æ 2
221,516750,My Summer Car
222,39210,FINAL FANTASY XIV Online
223,1817070,Marvel‚Äôs Spider-Man Remastered
224,268500,XCOM¬Æ 2
225,1943950,Escape the Backrooms
226,440900,Conan Exiles
227,629520,Soundpad
228,703080,Planet Zoo
229,349040,NARUTO SHIPPUDEN: Ultimate Ninja STORM 4
230,779340,Total War: THREE KINGDOMS
231,620980,Beat Saber
232,636480,Ravenfield
233,240720,Getting Over It with Bennett Foddy
234,1150690,OMORI
235,1599340,Lost Ark
236,1454400,Cookie Clicker
237,389730,TEKKEN 7
238,1446780,MONSTER HUNTER RISE
239,231430,Company of Heroes 2
240,239030,"Papers, Please"
241,2054970,Dragon's Dogma 2
242,683320,GRIS
243,881100,Noita
244,977950,A Dance of Fire and Ice
245,287700,METAL GEAR SOLID V: THE PHANTOM PAIN
246,289650,Assassin's Creed¬Æ Unity
247,787860,Farming Simulator 19
248,414340,Hellblade: Senua's Sacrifice
249,1259420,Days Gone
250,1113000,Persona 4 Golden
251,424370,Wolcen: Lords of Mayhem
252,1151340,Fallout 76
253,1030840,Mafia: Definitive Edition
254,646910,The Crew‚Ñ¢ 2
255,235460,METAL GEAR RISING: REVENGEANCE
256,205100,Dishonored
257,753640,Outer Wilds
258,254700,Resident Evil 4 (2005)
259,206440,To the Moon
260,418370,Resident Evil 7 Biohazard
261,1274570,DEVOUR
262,460950,Katana ZERO
263,849186,Shadow of the Tomb Raider: Definitive Edition
264,849162,Shadow of the Tomb Raider: Definitive Edition
265,849168,Shadow of the Tomb Raider: Definitive Edition
266,849176,Shadow of the Tomb Raider: Definitive Edition
267,849164,Shadow of the Tomb Raider: Definitive Edition
268,849160,Shadow of the Tomb Raider: Definitive Edition
269,905320,Shadow of the Tomb Raider: Definitive Edition
270,890032,Shadow of the Tomb Raider: Definitive Edition
271,750920,Shadow of the Tomb Raider: Definitive Edition
272,849165,Shadow of the Tomb Raider: Definitive Edition
273,890031,Shadow of the Tomb Raider: Definitive Edition
274,849179,Shadow of the Tomb Raider: Definitive Edition
275,849178,Shadow of the Tomb Raider: Definitive Edition
276,890030,Shadow of the Tomb Raider: Definitive Edition
277,849161,Shadow of the Tomb Raider: Definitive Edition
278,849163,Shadow of the Tomb Raider: Definitive Edition
279,849166,Shadow of the Tomb Raider: Definitive Edition
280,849200,Shadow of the Tomb Raider: Definitive Edition
281,849177,Shadow of the Tomb Raider: Definitive Edition
282,849167,Shadow of the Tomb Raider: Definitive Edition
283,962130,Grounded
284,1250410,Microsoft Flight Simulator 40th Anniversary Edition
285,747660,Five Nights at Freddy's: Security Breach
286,212680,FTL: Faster Than Light
287,206420,Saints Row IV: Re-Elected
288,233450,Prison Architect
289,1248130,Farming Simulator 22
290,952060,Resident Evil 3
291,582660,Black Desert
292,387290,Ori and the Blind Forest: Definitive Edition
293,241930,Middle-earth‚Ñ¢: Shadow of Mordor‚Ñ¢
294,287390,Metro: Last Light Redux
295,304430,INSIDE
296,307690,Sleeping Dogs: Definitive Edition
297,17390,SPORE‚Ñ¢
298,2231450,Pizza Tower
299,1888160,ARMORED CORE‚Ñ¢ VI FIRES OF RUBICON‚Ñ¢
300,493340,Planet Coaster
301,1404210,Red Dead Online
302,638970,Yakuza 0
303,2399830,ARK: Survival Ascended
304,238460,BattleBlock Theater¬Æ
305,1687950,Persona 5 Royal
306,1466860,Age of Empires IV: Anniversary Edition
307,815370,Green Hell
308,274170,Hotline Miami 2: Wrong Number
309,752590,A Plague Tale: Innocence
310,265930,Goat Simulator
311,1238860,Battlefield 4‚Ñ¢
312,1237950,STAR WARS‚Ñ¢ Battlefront‚Ñ¢ II
313,214950,Total War: ROME II - Emperor Edition
314,1774580,STAR WARS Jedi: Survivor‚Ñ¢
315,298110,Far Cry¬Æ 4
316,678950,DRAGON BALL FighterZ
317,213670,South Park‚Ñ¢: The Stick of Truth‚Ñ¢
318,629730,Blade and Sorcery
319,1203620,Enshrouded
320,312660,Sniper Elite 4
321,500,Left 4 Dead
322,838350,Â§™ÂêæÁªòÂç∑ The Scroll Of Taiwu
323,2670630,Supermarket Simulator
324,55230,Saints Row: The Third
325,234140,Mad Max
326,728880,Overcooked! 2
327,1363080,Manor Lords
328,466560,Northgard
329,33230,Assassin's Creed 2
330,48173,Assassin's Creed 2
331,261570,Ori and the Blind Forest
332,35140,Batman: Arkham Asylum Game of the Year Edition
333,274190,Broforce
334,35010,Batman: Arkham Asylum Game of the Year Edition
335,246620,Plague Inc: Evolved
336,285900,Gang Beasts
337,648350,Jurassic World Evolution
338,602960,Barotrauma
339,495420,State of Decay 2: Juggernaut Edition
340,1147560,Skul: The Hero Slayer
341,2479810,Gray Zone Warfare
342,924970,Back 4 Blood
343,113200,The Binding of Isaac
344,1222700,A Way Out
345,645630,Car Mechanic Simulator 2018
346,680420,OUTRIDERS
347,200260,Batman: Arkham City - Game of the Year Edition
348,219640,Chivalry: Medieval Warfare
349,1328670,Mass Effect‚Ñ¢ Legendary Edition
350,6060,"STAR WARS‚Ñ¢ Battlefront II (Classic, 2005)"
351,204100,Max Payne 3
352,319510,Five Nights at Freddy's
353,1304930,The Outlast Trials
354,1145350,Hades II
355,424840,Little Nightmares
356,409710,BioShock‚Ñ¢ Remastered
357,414700,Outlast 2
358,346010,Besiege
359,207610,The Walking Dead
360,1089980,The Henry Stickmin Collection
361,1139900,Ghostrunner
362,431240,Golf With Your Friends
363,949230,Cities: Skylines II
364,617290,Remnant: From the Ashes
365,420530,OneShot
366,2379780,Balatro
367,286160,Tabletop Simulator
368,644930,They Are Billions
369,10090,Call of Duty: World at War
370,633230,NARUTO TO BORUTO: SHINOBI STRIKER
371,1290000,PowerWash Simulator
372,678960,CODE VEIN
373,214490,Alien: Isolation
374,313120,Stranded Deep
375,603850,Age of History II
376,880940,Pummel Party
377,1313860,EA SPORTS‚Ñ¢ FIFA 21
378,253230,A Hat in Time
379,621060,PC Building Simulator
380,493520,GTFO
381,8190,Just Cause 2
382,552100,Brick Rigs
383,1272080,PAYDAY 3
384,243470,Watch_Dogs‚Ñ¢
385,994280,Gujian3(Âè§ÂâëÂ•áË∞≠‰∏â)
386,201810,Wolfenstein: The New Order
387,1919590,NBA 2K23
388,221910,The Stanley Parable
389,637650,FINAL FANTASY XV WINDOWS EDITION
390,440,Team Fortress 2
391,851850,DRAGON BALL Z: KAKAROT
392,1284190,The Planet Crafter
393,470220,UNO
394,418460,Rising Storm 2: Vietnam
395,22370,Fallout 3: Game of the Year Edition
396,403640,Dishonored 2
397,239820,Game Dev Tycoon
398,454650,DRAGON BALL XENOVERSE 2
399,1260320,Party Animals
400,1250,Killing Floor
401,1451940,NEEDY STREAMER OVERLOAD
402,900883,The Elder Scrolls IV: Oblivion¬Æ Game of the Year Edition Deluxe
403,22330,The Elder Scrolls IV: Oblivion¬Æ Game of the Year Edition
404,1384160,GUILTY GEAR -STRIVE-
405,203140,Hitman: Absolution‚Ñ¢
406,200510,XCOM: Enemy Unknown
407,1282100,REMNANT II¬Æ
408,1693980,Dead Space
409,501300,What Remains of Edith Finch
410,1288310,Firework
411,834910,ATLAS
412,221040,Resident Evil 6
413,555160,Pavlov
414,242920,Banished
415,774361,Blasphemous
416,282140,SOMA
417,1987080,Inside the Backrooms
418,870780,Control Ultimate Edition
419,2322560,Love Is All Around
420,307780,Mortal Kombat X
421,568220,Lobotomy Corporation | Monster Management Simulation
422,972660,Spiritfarer¬Æ: Farewell Edition
423,367500,Dragon's Dogma: Dark Arisen
424,209000,Batman‚Ñ¢: Arkham Origins
425,1178830,Bright Memory: Infinite
426,920210,LEGO¬Æ Star Wars‚Ñ¢: The Skywalker Saga
427,2881650,Content Warning
428,420,Half-Life 2: Episode Two
429,108710,Alan Wake
430,1669980,Volcano Princess
431,505460,Foxhole
432,502500,ACE COMBAT‚Ñ¢ 7: SKIES UNKNOWN
433,225080,Brothers - A Tale of Two Sons
434,1017180,The Long Drive
435,386940,Ultimate Chicken Horse
436,201270,Total War: SHOGUN 2
437,34330,Total War: SHOGUN 2
438,1129580,Medieval Dynasty
439,666140,My Time at Portia
440,4500,S.T.A.L.K.E.R.: Shadow of Chernobyl
441,933110,Age of Empires III: Definitive Edition
442,823500,BONEWORKS
443,48000,LIMBO
444,244450,Men of War: Assault Squad 2
445,562040,Men of War: Assault Squad 2
446,480490,Prey
447,554620,Life is Strange: Before the Storm
448,1296830,ÊöñÈõ™ Warm Snow
449,1149460,ICARUS
450,599140,Graveyard Keeper
451,1888930,The Last of Us‚Ñ¢ Part I
452,10190,Call of Duty¬Æ: Modern Warfare¬Æ 2 (2009)
453,10180,Call of Duty¬Æ: Modern Warfare¬Æ 2 (2009)
454,302510,Ryse: Son of Rome
455,50130,Mafia II (Classic)
456,1369630,ENDER LILIES: Quietus of the Knights
457,1824220,Chivalry 2
458,751780,Forager
459,21690,Resident Evil 5
460,364360,Total War: WARHAMMER
461,200710,Torchlight II
462,860510,Little Nightmares II
463,881020,Granblue Fantasy: Relink
464,1240440,Halo Infinite
465,690790,DiRT Rally 2.0
466,1206560,WorldBox - God Simulator
467,360430,Mafia III: Definitive Edition
468,269210,Hero Siege
469,1721470,Poppy Playtime
470,967050,Pacify
471,1282730,Loop Hero
472,2183900,"Warhammer 40,000: Space Marine 2"
473,2593370,The Hungry Lamb: Traveling in the Late Ming Dynasty
474,334230,Town of Salem
475,2338770,NBA 2K24
476,32470,STAR WARS‚Ñ¢ Empire at War - Gold Pack
477,529340,Victoria 3
478,745920,Temtem
479,203770,Crusader Kings II
480,1627720,Lies of P
481,1544020,The Callisto Protocol‚Ñ¢
482,447530,VA-11 Hall-A: Cyberpunk Bartender Action
483,1846380,Need for Speed‚Ñ¢ Unbound
484,266840,Age of Mythology: Extended Edition
485,895400,Deadside
486,236430,DARK SOULS‚Ñ¢ II
487,704850,Thief Simulator
488,824270,KovaaK's
489,383980,Rivals of Aether
490,955050,Bright Memory
491,992300,ÂóúË°ÄÂç∞ Bloody Spell
492,261640,Borderlands: The Pre-Sequel
493,1483870,Draw & Guess
494,1562430,DREDGE
495,1465360,SnowRunner
496,638230,Journey
497,12200,Bully: Scholarship Edition
498,674020,World War 3
499,1364780,Street Fighter‚Ñ¢ 6
500,1621690,Core Keeper
501,418240,Shadow Tactics: Blades of the Shogun
502,1325200,Nioh 2 ‚Äì The Complete Edition
503,476600,Call of Duty¬Æ: WWII
504,337000,Deus Ex: Mankind Divided
505,476620,Call of Duty¬Æ: WWII
506,675010,MudRunner
507,612880,Wolfenstein II: The New Colossus
508,223591,The Sims‚Ñ¢ 3
509,2835570,Buckshot Roulette
510,47936,The Sims‚Ñ¢ 3
511,657200,Hand Simulator
512,47890,The Sims‚Ñ¢ 3
513,371660,Far Cry¬Æ Primal
514,17410,Mirror's Edge‚Ñ¢
515,242860,Verdun
516,326460,ShellShock Live
517,527230,For The King
518,1213210,Command & Conquer‚Ñ¢ Remastered Collection
519,1189630,Path Of Wuxia
520,245170,Skullgirls 2nd Encore
521,939400,LoveChoice
522,942970,Unheard - Voices of Crime
523,228380,Wreckfest
524,1088850,Marvel's Guardians of the Galaxy
525,383120,Empyrion - Galactic Survival
526,1135690,Unpacking
527,250320,The Wolf Among Us
528,569480,Kingdoms and Castles
529,1562700,SANABI
530,105450,Age of Empires¬Æ III (2007)
531,107100,Bastion
532,312520,Rain World
533,110800,L.A. Noire
534,692850,Bloodstained: Ritual of the Night
535,310950,Street Fighter V
536,237930,Transistor
537,257510,The Talos Principle
538,2321470,Deep Rock Galactic: Survivor
539,939960,Far Cry¬Æ New Dawn
540,597170,Clone Drone in the Danger Zone
541,2567870,Chained Together
542,1659040,HITMAN World of Assassination
543,2215430,Ghost of Tsushima DIRECTOR'S CUT
544,1184370,Pathfinder: Wrath of the Righteous - Enhanced Edition
545,413410,Danganronpa: Trigger Happy Havoc
546,1703340,The Stanley Parable: Ultra Deluxe
547,787480,Phoenix Wright: Ace Attorney Trilogy
548,1210320,Potion Craft: Alchemist Simulator
549,704270,Generation Zero¬Æ
550,368500,Assassin's Creed¬Æ Syndicate
551,288160,The Room
552,40800,Super Meat Boy
553,380,Half-Life 2: Episode One
554,640820,Pathfinder: Kingmaker ‚Äî Enhanced Plus Edition
555,32370,STAR WARS‚Ñ¢ Knights of the Old Republic‚Ñ¢
556,668630,Tricolour Lovestory
557,1657630,Slime Rancher 2
558,460920,Steep‚Ñ¢
559,1268750,Starship Troopers: Extermination
560,488790,South Park‚Ñ¢: The Fractured But Whole‚Ñ¢
561,1966900,20 Minutes Till Dawn
562,1256670,Library Of Ruina
563,485510,Nioh: Complete Edition
564,1817190,Marvel‚Äôs Spider-Man: Miles Morales
565,1244460,Jurassic World Evolution 2
566,434570,Blood and Bacon
567,625960,Stoneshard
568,740130,Tales of Arise
569,322500,SUPERHOT
570,1371980,No Rest for the Wicked
571,1359090,Zero Hour
572,1817230,Hi-Fi RUSH
573,1557740,ROUNDS
574,1062090,Timberborn
575,337320,Paint the Town Red
576,668580,Atomic Heart
577,1190000,Car Mechanic Simulator 2021
578,975370,Dwarf Fortress
579,1462040,FINAL FANTASY VII REMAKE INTERGRADE
580,1533390,Gorilla Tag
581,493490,City Car Driving
582,312530,Duck Game
583,1455840,Dorfromantik
584,535930,Two Point Hospital
585,1859910,Legend of Mortal
586,1392820,Milk inside a bag of milk inside a bag of milk
587,35450,Red Orchestra 2: Heroes of Stalingrad with Rising Storm
588,653530,Return of the Obra Dinn
589,1922560,Plants vs. Zombies‚Ñ¢ Garden Warfare 2: Deluxe Edition
590,339800,HuniePop
591,325610,Total War: ATTILA
592,641990,The Escapists 2
593,393420,Hurtworld
594,382940,HITMAN‚Ñ¢
595,1336490,Against the Storm
596,553640,ICEY
597,1337520,Risk of Rain Returns
598,413420,Danganronpa 2: Goodbye Despair
599,1778820,TEKKEN 8
600,427730,Who's Your Daddy?!
601,4700,Total War: MEDIEVAL II ‚Äì Definitive Edition
602,7670,BioShock‚Ñ¢
603,1948280,Stacklands
604,805550,Assetto Corsa Competizione
605,1527950,Wartales
606,261030,The Walking Dead: Season Two
607,1144400,SenrenÔºäBanka
608,274940,Depth
609,1222730,STAR WARS‚Ñ¢: Squadrons
610,557340,My Friend Pedro
611,1718570,ASTLIBRA Revision
612,475150,Titan Quest Anniversary Edition
613,1049410,Superliminal
614,47810,Dragon Age: Origins - Ultimate Edition
615,299740,Miscreated
616,238010,Deus Ex: Human Revolution - Director's Cut
617,460790,Bayonetta
618,394510,HELLDIVERS‚Ñ¢ Dive Harder Edition
619,960170,DJMAX RESPECT V
620,954850,Kerbal Space Program 2
621,1119730,"Ranch Simulator: Build, Hunt, Farm"
622,333600,NEKOPARA Vol. 1
623,1388880,Doki Doki Literature Club Plus!
624,2208920,Assassin's Creed Valhalla
625,324800,Shadow Warrior 2
626,953490,CARRION
627,39140,FINAL FANTASY VII
628,1189490,ËßÖÈïøÁîü
629,1235140,Yakuza: Like a Dragon
630,2344520,Diablo¬Æ IV
631,41700,S.T.A.L.K.E.R.: Call of Pripyat
632,1262580,Need for Speed‚Ñ¢ Payback
633,207140,SpeedRunners
634,373420,Divinity: Original Sin - Enhanced Edition
635,2532550,LIZARDS MUST DIE
636,260230,Valiant Hearts: The Great War‚Ñ¢ / Soldats Inconnus : M√©moires de la Grande Guerre‚Ñ¢
637,1501750,Lords of the Fallen
638,571740,Golf It!
639,589290,Holdfast: Nations At War
640,314160,Microsoft Flight Simulator X: Steam Edition
641,2218750,Halls of Torment
642,447020,Farming Simulator 17
643,1850570,DEATH STRANDING DIRECTOR'S CUT
644,247080,Crypt of the NecroDancer
645,2231380,Tom Clancy's Ghost Recon¬Æ Breakpoint
646,287290,Resident Evil Revelations 2
647,504370,Battlerite
648,578650,The Outer Worlds
649,1106840,Hydroneer
650,2406770,Bodycam
651,230290,Universe Sandbox
652,2378900,The Coffin of Andy and Leyley
653,1584090,Touhou Mystia's Izakaya
654,701160,Kingdom Two Crowns
655,736190,Chinese Parents
656,637090,BATTLETECH
657,2212330,Your Only Move Is HUSTLE
658,420290,Blackwake
659,24240,PAYDAY‚Ñ¢ The Heist
660,794260,Outward Definitive Edition
661,1692250,F1¬Æ 22
662,1509960,PICO PARK
663,1094520,Sands of Salzaar
664,17470,Dead Space (2008)
665,655500,MX Bikes
666,2369390,Far Cry¬Æ 6
667,365360,Battle Brothers
668,1084600,My Time at Sandrock
669,47780,Dead Space‚Ñ¢ 2
670,383150,Dead Island Definitive Edition
671,248820,Risk of Rain (2013)
672,517630,Just Cause 4 Reloaded
673,584400,Sonic Mania
674,1240210,There Is No Game: Wrong Dimension
675,41070,Serious Sam 3: BFE
676,532210,Life is Strange 2
677,208580,STAR WARS‚Ñ¢ Knights of the Old Republic‚Ñ¢ II - The Sith Lords‚Ñ¢
678,774801,Crab Champions
679,903950,Last Oasis
680,1066780,Transport Fever 2
681,474960,Quantum Break
682,1124300,HUMANKIND‚Ñ¢
683,1149620,Gas Station Simulator
684,384190,ABZU
685,50,Half-Life: Opposing Force
686,202970,Call of Duty¬Æ: Black Ops II
687,202990,Call of Duty¬Æ: Black Ops II
688,238090,Sniper Elite 3
689,583950,Artifact
690,450540,"Hot Dogs, Horseshoes & Hand Grenades"
691,332800,Five Nights at Freddy's 2
692,585420,Trailmakers
693,8980,Borderlands Game of the Year
694,409720,BioShock‚Ñ¢ 2 Remastered
695,882100,XCOM¬Æ: Chimera Squad
696,71340,Sonic Generations Collection
697,48190,Assassin‚Äôs Creed¬Æ Brotherhood
698,519860,DUSK
699,1448440,Wo Long: Fallen Dynasty
700,7940,Call of Duty¬Æ 4: Modern Warfare¬Æ (2007)
701,104900,ORION: Prelude
702,2273430,BlazBlue Entropy Effect
703,1971870,Mortal Kombat 1
704,22320,The Elder Scrolls III: Morrowind¬Æ Game of the Year Edition
705,1241510,The Test
706,1127500,Mini Motorways
707,475550,Beholder
708,1291340,Townscaper
709,960990,Beyond: Two Souls
710,494840,UBOAT
711,80,Counter-Strike: Condition Zero
712,100,Counter-Strike: Condition Zero
713,788100,Neon Abyss
714,2161700,Persona 3 Reload
715,42710,Call of Duty¬Æ: Black Ops
716,42700,Call of Duty¬Æ: Black Ops
717,859580,Imperator: Rome
718,1171690,Wayfinder
719,1366800,Crosshair X
720,774181,Rhythm Doctor
721,32440,LEGO¬Æ Star Wars‚Ñ¢ - The Complete Saga
722,531510,Just Shapes & Beats
723,1097840,Gears 5
724,2066020,Soulstone Survivors
725,1262350,SIGNALIS
726,1252330,DEATHLOOP
727,10500,Total War: EMPIRE ‚Äì Definitive Edition
728,2280,DOOM + DOOM II
729,541570,Sally Face - Episode One
730,304240,Resident Evil
731,15100,Assassin's Creed‚Ñ¢: Director's Cut Edition
732,42910,Magicka
733,955900,Amazing Cultivation Simulator
734,283640,Salt and Sanctuary
735,962730,Skater XL - The Ultimate Skateboarding Game
736,268050,The Evil Within
737,285920,TerraTech
738,425580,The Room Two
739,1227890,Summer Memories
740,57300,Amnesia: The Dark Descent
741,1062520,Dinkum
742,1113560,NieR Replicant‚Ñ¢ ver.1.22474487139...
743,1549970,Aliens: Fireteam Elite
744,24049,Train Simulator Classic 2024
745,24085,Train Simulator Classic 2024
746,24058,Train Simulator Classic 2024
747,24043,Train Simulator Classic 2024
748,24010,Train Simulator Classic 2024
749,434650,Lost Castle / Â§±ËêΩÂüéÂ†°
750,1030830,Mafia II: Definitive Edition
751,221640,Super Hexagon
752,1102190,Monster Train
753,1583320,Pro Soccer Online
754,1237320,Sonic Frontiers
755,392160,X4: Foundations
756,303210,The Beginner's Guide
757,991780,Notes of Soul
758,220440,DmC: Devil May Cry
759,567640,Danganronpa V3: Killing Harmony
760,736260,Baba Is You
761,609320,FAR: Lone Sails
762,16900,GROUND BRANCH
763,837470,Untitled Goose Game
764,213610,Sonic Adventure 2
765,1230140,ATRI -My Dear Moments-
766,447820,Day of Infamy
767,1307550,Craftopia
768,601430,The Evil Within 2
769,47870,Need For Speed: Hot Pursuit
770,418530,Spelunky 2
771,527430,"Warhammer 40,000: Inquisitor - Martyr"
772,204450,Call of Juarez: Gunslinger
773,1127400,Mindustry
774,492720,Tropico 6
775,1876890,Wandering Sword
776,410900,Forts
777,682990,Drug Dealer Simulator
778,1262560,Need for Speed‚Ñ¢ Most Wanted
779,1100600,Football Manager 2020
780,736220,Squad 44
781,673950,Farm Together
782,1948980,Hero's Adventure: Road to Passion
783,979690,The Ascent
784,1213740,She Will Punish Them
785,274520,Darkwood
786,784150,Workers & Resources: Soviet Republic
787,2334730,Death Must Die
788,269950,X-Plane 11
789,1388770,Cruelty Squad
790,400750,Call to Arms - Gates of Hell: Ostfront
791,1044720,Farthest Frontier
792,1034140,Subverse
793,1161580,Hardspace: Shipbreaker
794,1096530,Solasta: Crown of the Magister
795,297000,Heroes¬Æ of Might & Magic¬Æ III - HD Edition
796,1432860,Sun Haven
797,916440,Anno 1800
798,19680,Alice: Madness Returns
799,235600,Tom Clancy‚Äôs Splinter Cell Blacklist
800,249130,LEGO¬Æ Marvel‚Ñ¢ Super Heroes
801,1421250,Tiny Bunny
802,22300,Fallout 3
803,1262540,Need for Speed‚Ñ¢
804,445980,Wizard of Legend
805,2080690,Sunkenland
806,341940,Hatred
807,239160,Thief
808,323850,Move or Die
809,858820,Tribes of Midgard
810,622650,Bendy and the Ink Machine
811,1433140,The Texas Chain Saw Massacre
812,412830,STEINS;GATE
813,392110,ENDLESS‚Ñ¢ Space 2
814,590380,Into the Breach
815,2000950,Call of Duty¬Æ: Modern Warfare¬Æ
816,427290,Vampyr
817,641320,Cooking Simulator
818,429050,Feed and Grow: Fish
819,699130,World War Z
820,1178490,Ê∏ØË©≠ÂØ¶ÈåÑParanormalHK
821,246900,Viscera Cleanup Detail
822,606880,GreedFall
823,33930,Arma 2: Operation Arrowhead
824,1985810,Call of Duty¬Æ: Black Ops Cold War
825,374040,Portal Knights
826,756800,Contraband Police
827,858810,Dawn of Man
828,1466640,Road 96 üõ£Ô∏è
829,406150,Refunct
830,1940340,Darkest Dungeon¬Æ II
831,302670,Call to Arms
832,823130,Totally Accurate Battlegrounds
833,512900,Streets of Rogue
834,323470,DRAGON BALL XENOVERSE
835,337340,Finding Paradise
836,20510,S.T.A.L.K.E.R.: Clear Sky
837,1490890,Demon Slayer -Kimetsu no Yaiba- The Hinokami Chronicles
838,667970,VTOL VR
839,1677280,Company of Heroes 3
840,42960,Victoria II
841,1401590,Disney Dreamlight Valley
842,780310,The Riftbreaker
843,311560,Assassin‚Äôs Creed¬Æ Rogue
844,365450,Hacknet
845,509980,BIGFOOT
846,2221490,Tom Clancy‚Äôs The Division¬Æ 2
847,330020,Children of Morta
848,719040,Wasteland 3
849,557600,Gorogoa
850,241600,Rogue Legacy
851,1880330,Sanfu
852,1350650,FreshWomen - Season 1
853,1222690,Dragon Age‚Ñ¢ Inquisition
854,367450,Poly Bridge
855,241540,State of Decay
856,233270,Far Cry 3 - Blood Dragon
857,481510,Night in the Woods
858,359870,FINAL FANTASY X/X-2 HD Remaster
859,464920,Surviving Mars
860,34030,Total War: NAPOLEON ‚Äì Definitive Edition
861,1449690,The Walking Dead: The Telltale Definitive Series
862,40970,Stronghold Crusader HD
863,985890,Streets of Rage 4
864,233130,Shadow Warrior
865,1029690,Sniper Elite 5
866,362680,Fran Bow
867,894020,Death's Door
868,763890,Wildermyth
869,1046030,ISLANDERS
870,291650,Pillars of Eternity
871,292730,Call of Duty¬Æ: Infinite Warfare
872,2990,FlatOut 2
873,1158160,Coral Island
874,201870,Assassin's Creed¬Æ Revelations
875,394690,Tower Unite
876,626690,Sword Art Online: Fatal Bullet
877,1929610,Demonologist
878,627270,Injustice‚Ñ¢ 2
879,431730,Aseprite
880,251060,Wargame: Red Dragon
881,2109460,VillageRhapsody
882,35720,Trine 2: Complete Story
883,35725,Trine 2: Complete Story
884,300,Day of Defeat: Source
885,1089090,ONE PIECE: PIRATE WARRIORS 4
886,130,Half-Life: Blue Shift
887,1583230,High On Life
888,17460,Mass Effect (2007)
889,1931770,Chants of Sennaar
890,2239150,Thronefall
891,834530,Yakuza Kiwami
892,19900,Far Cry¬Æ 2
893,1604000,Milk outside a bag of milk outside a bag of milk
894,1361320,The Room 4: Old Sins
895,350080,Wolfenstein: The Old Blood
896,1659420,UNCHARTED‚Ñ¢: Legacy of Thieves Collection
897,1263850,Football Manager 2021
898,1371580,Myth of Empires
899,1055540,A Short Hike
900,1543030,Sword and Fairy 7
901,385800,NEKOPARA Vol. 0
902,570,Dota 2
903,606150,Moonlighter
904,973760,Thronebreaker: The Witcher Tales
905,2290180,Riders Republic
906,692890,Roboquest
907,997010,Police Simulator: Patrol Officers
908,210970,The Witness
909,368340,CrossCode
910,866800,The Walking Dead: The Final Season
911,681280,Descenders
912,239350,Spelunky
913,298630,The Escapists
914,282800,100% Orange Juice
915,814540,Changed
916,1012880,60 Seconds! Reatomized
917,895870,Project Wingman
918,289130,ENDLESS‚Ñ¢ Legend
919,1989270,Slay the Princess
920,10680,Aliens vs. Predator‚Ñ¢
921,1029780,Going Medieval
922,250400,How to Survive
923,690830,Foundation
924,1592190,BONELAB
925,270150,RUNNING WITH RIFLES
926,428690,Youtubers Life
927,1286680,Tiny Tina's Wonderlands
928,1599600,PlateUp!
929,292120,FINAL FANTASY¬Æ XIII
930,368070,Sniper Ghost Warrior 3
931,257850,Hyper Light Drifter
932,1569040,Football Manager 2022
933,859570,Secret Neighbor: Hello Neighbor Multiplayer
934,2108330,F1¬Æ 23
935,503560,911 Operator
936,2248760,Car For Sale Simulator 2023
937,1496790,Gotham Knights
938,236090,Dust: An Elysian Tail
939,1182900,A Plague Tale: Requiem
940,559650,Witch It
941,1874880,Arma Reforger
942,280,Half-Life: Source
943,429660,Tales of Berseria‚Ñ¢
944,388410,Darksiders II Deathinitive Edition
945,605740,"Flashing Lights - Police, Firefighting, Emergency Services (EMS) Simulator"
946,1766740,Choo-Choo Charles
947,38400,Fallout: A Post Nuclear Role Playing Game
948,248390,Craft The World
949,228280,Baldur's Gate: Enhanced Edition
950,977880,Eastward
951,548570,RAGE 2
952,774861,Project Winter
953,65980,Sid Meier's Civilization¬Æ: Beyond Earth‚Ñ¢
954,330830,Tales from the Borderlands
955,1239690,Retrowave
956,2186680,"Warhammer 40,000: Rogue Trader"
957,115300,Call of Duty¬Æ: Modern Warfare¬Æ 3 (2011)
958,1533420,Neon White
959,42680,Call of Duty¬Æ: Modern Warfare¬Æ 3 (2011)
960,368260,Marvel's Midnight Suns
961,1451190,Undisputed
962,257420,Serious Sam 4
963,233720,Surgeon Simulator
964,1253920,Rogue Legacy 2
965,488860,MADNESS: Project Nexus
966,55150,"Warhammer 40,000: Space Marine - Anniversary Edition"
967,250760,Shovel Knight: Treasure Trove
968,611790,House Party
969,6000,STAR WARS‚Ñ¢ Republic Commando‚Ñ¢
970,1999360,Placid Plastic Duck Simulator
971,1904540,Football Manager 2023
972,617670,Zup! S
973,242680,Nuclear Throne
974,489940,BATTALION: Legacy
975,451340,Gold Mining Simulator
976,729040,Borderlands Game of the Year Enhanced
977,1082430,Before Your Eyes
978,235540,Warhammer: End Times - Vermintide
979,1216710,Cyber Manhunt
980,560130,Pillars of Eternity II: Deadfire
981,405640,Pony Island
982,301640,Zombie Army Trilogy
983,562810,MONOPOLY¬Æ PLUS
984,1238000,Mass Effect‚Ñ¢: Andromeda Deluxe Edition
985,1435790,Escape Simulator
986,1761390,Hatsune Miku: Project DIVA Mega Mix+
987,402710,Osiris: New Dawn
988,536220,The Walking Dead: A New Frontier
989,313340,Mountain
990,1954200,Kena: Bridge of Spirits
991,237990,The Banner Saga
992,232430,Gone Home
993,427410,Abiotic Factor
994,437220,The Culling
995,601840,Griftlands
996,17480,Command & Conquer‚Ñ¢ Red Alert‚Ñ¢ 3
997,388090,Five Nights at Freddy's 4
998,969990,SpongeBob SquarePants: Battle for Bikini Bottom - Rehydrated
999,954740,Terminator: Resistance
1000,498240,Batman - The Telltale Series
1001,738520,Breathedge
1002,34870,Sniper: Ghost Warrior 2
1003,219890,Antichamber
1004,1789480,Marauders
1005,1262240,Plants vs. Zombies: Battle for Neighborville‚Ñ¢
1006,285190,"Warhammer 40,000: Dawn of War III"
1007,313160,Farming Simulator 15
1008,397950,Clustertruck
1009,335670,LISA: The Painful
1010,1504570,Cultivation Tales
1011,1113120,IXION
1012,265300,Lords Of The Fallen‚Ñ¢ 2014
1013,760060,Mutant Year Zero: Road to Eden
1014,201790,Orcs Must Die! 2
1015,264200,One Finger Death Punch
1016,521890,Hello Neighbor
1017,875210,Kingdom Heroes 8
1018,851100,Touhou Luna Nights
1019,1520370,Mon Bazou
1020,775500,SCARLET NEXUS
1021,813230,ANIMAL WELL
1022,555220,Detention
1023,746850,Cloudpunk
1024,40700,Machinarium
1025,597820,BIOMUTANT
1026,4760,Rome: Total War‚Ñ¢ - Collection
1027,1016920,Unrailed!
1028,1341290,We Were Here Forever
1029,71250,Sonic Adventure DX
1030,329050,Devil May Cry 4 Special Edition
1031,780290,Gloomhaven
1032,6910,Deus Ex: Game of the Year Edition
1033,1515210,The Past Within
1034,493900,Dungeons 3
1035,332310,LEGO¬Æ Worlds
1036,914620,Mist Survival
1037,1302240,Labyrinthine
1038,463530,Empires of the Undergrowth
1039,1093910,Tales of the Black Forest
1040,1061910,Metal: Hellsinger
1041,311340,METAL GEAR SOLID V: GROUND ZEROES
1042,288470,Fable Anniversary
1043,208480,Assassin‚Äôs Creed¬Æ III
1044,1017900,Age of Empires: Definitive Edition
1045,278360,A Story About My Uncle
1046,35700,Trine Enchanted Edition
1047,1267910,Melvor Idle
1048,320300,Car Mechanic Simulator 2015
1049,1390350,Webbed
1050,344760,Reign Of Kings
1051,265550,Dead Rising 3 Apocalypse Edition
1052,9450,"Warhammer¬Æ 40,000: Dawn of War¬Æ - Soulstorm"
1053,553420,TUNIC
1054,731490,Crash Bandicoot‚Ñ¢ N. Sane Trilogy
1055,2600,Vampire: The Masquerade - Bloodlines
1056,629820,Maneater
1057,1233570,Mirror's Edge‚Ñ¢ Catalyst
1058,411300,ELEX
1059,1928980,Nightingale
1060,204300,Awesomenauts - the 2D moba
1061,927380,Yakuza Kiwami 2
1062,2005010,"Warhammer 40,000: Boltgun"
1063,287450,Rise of Nations: Extended Edition
1064,1002300,Fear & Hunger
1065,448510,Overcooked
1066,872410,ROMANCE OF THE THREE KINGDOMS XIV
1067,1637320,Dome Keeper
1068,996580,Spyro‚Ñ¢ Reignited Trilogy
1069,256290,Child of Light
1070,865360,We Were Here Together
1071,2181930,DR LIVESEY ROM AND DEATH EDITION
1072,882790,Fate Seeker
1073,2310,Quake
1074,445220,Avorion
1075,341800,Keep Talking and Nobody Explodes
1076,1102130,Florence
1077,1169040,Necesse
1078,38410,Fallout 2: A Post Nuclear Role Playing Game
1079,743450,Monster Prom
1080,246420,Kingdom Rush  - Tower Defense
1081,861650,Session: Skate Sim
1082,921570,OCTOPATH TRAVELER‚Ñ¢
1083,391720,Layers of Fear (2016)
1084,9200,RAGE
1085,9219,RAGE
1086,343780,Cat Goes Fishing
1087,1361510,Teenage Mutant Ninja Turtles: Shredder's Revenge
1088,1850740,Ghost Watchers
1089,2138710,Sifu
1090,712100,A Total War Saga: THRONES OF BRITANNIA
1091,960910,Heavy Rain
1092,9480,Saints Row 2
1093,878750,Hentai Girl
1094,293760,Automation - The Car Company Tycoon Game
1095,418030,Subsistence
1096,209170,Call of Duty¬Æ: Ghosts
1097,209160,Call of Duty¬Æ: Ghosts
1098,732690,FIVE NIGHTS AT FREDDY'S: HELP WANTED
1099,1162520,Richman10
1100,1382330,Persona¬Æ 5 Strikers
1101,287980,Mini Metro
1102,1677740,Stumble Guys
1103,858210,Nova Drift
1104,1669000,Age of Wonders 4
1105,437920,Tricky Towers
1106,1672970,Minecraft Dungeons
1107,773951,Freeman: Guerrilla Warfare
1108,244160,Homeworld Remastered Collection
1109,393080,Call of Duty¬Æ: Modern Warfare¬Æ Remastered (2017)
1110,1458140,Pacific Drive
1111,232890,Stronghold Crusader 2
1112,473690,Absolver
1113,1296610,Peglin
1114,12140,Max Payne
1115,361280,Turmoil
1116,48240,Anno 2070‚Ñ¢
1117,1318690,shapez
1118,350640,Sherlock Holmes: The Devil's Daughter
1119,602520,NEKOPARA Vol. 3
1120,233290,Murdered: Soul Suspect
1121,1559390,Fate Seeker II
1122,462780,Darksiders Warmastered Edition
1123,278080,DYNASTY WARRIORS 8: Xtreme Legends Complete Edition
1124,65800,Dungeon Defenders
1125,589780,The Red Strings Club
1126,2519060,Call of Duty¬Æ: Modern Warfare¬Æ III
1127,456750,The Room Three
1128,1056960,Wolfenstein: Youngblood
1129,212480,Sonic & All-Stars Racing Transformed Collection
1130,1563180,Internet Cafe Simulator 2
1131,384300,CPUCores :: Maximize Your FPS
1132,2420110,Horizon Forbidden West‚Ñ¢ Complete Edition
1133,394310,Punch Club
1134,420110,NEKOPARA Vol. 2
1135,936790,Life is Strange: True Colors
1136,362490,Exanima
1137,6860,Hitman: Blood Money
1138,1746030,Murders on the Yangtze River
1139,1150440,Aliens: Dark Descent
1140,290340,Armello
1141,1126320,Being a DIK - Season 1
1142,415200,Motorsport Manager
1143,386070,Planetary Annihilation: TITANS
1144,1277400,Monster Hunter Stories 2: Wings of Ruin
1145,8850,BioShock¬Æ 2
1146,48720,Mount & Blade: With Fire & Sword
1147,495890,Montaro
1148,340,Half-Life 2: Lost Coast
1149,424030,War of Rights
1150,6020,STAR WARS‚Ñ¢ Jedi Knight - Jedi Academy‚Ñ¢
1151,223100,Homefront¬Æ: The Revolution
1152,732430,Superflight
1153,21120,F.E.A.R.
1154,21090,F.E.A.R.
1155,3830,Psychonauts
1156,21110,F.E.A.R.
1157,320240,We Happy Few
1158,224760,FEZ
1159,1556790,Isonzo
1160,1061090,Jump King
1161,1049890,Little Witch Nobeta
1162,1488200,Symphony of War: The Nephilim Saga
1163,333420,Cossacks 3
1164,690640,Trine 4: The Nightmare Prince
1165,1809540,Nine Sols
1166,209650,Call of Duty¬Æ: Advanced Warfare - Gold Edition
1167,209660,Call of Duty¬Æ: Advanced Warfare - Gold Edition
1168,826630,Iron Harvest
1169,529180,Dark and Light
1170,1016800,Chernobylite Complete Edition
1171,314650,SpaceEngine
1172,228200,Company of Heroes
1173,469600,Legion TD 2 - Multiplayer Tower Defense
1174,993090,Lossless Scaling
1175,506610,Five Nights at Freddy's: Sister Location
1176,2365810,Pseudoregalia
1177,1238820,Battlefield 3‚Ñ¢
1178,1353230,Bomb Rush Cyberfunk
1179,700600,Evil Genius 2: World Domination
1180,294860,Valkyria Chronicles‚Ñ¢
1181,368360,60 Seconds!
1182,1182620,Impostor Factory
1183,1105670,The Last Spell
1184,1574580,Strange Horticulture
1185,65540,Gothic 1
1186,1229380,Everhood
1187,606280,Darksiders III
1188,382310,Eco
1189,400910,Rabi-Ribi
1190,885970,Total War: ROME REMASTERED
1191,1475810,Ghostwire: Tokyo
1192,253250,Stonehearth
1193,1715130,Crysis Remastered
1194,847370,Sunset Overdrive
1195,1566690,Outpost: Infinity Siege
1196,1686940,Bopl Battle
1197,1030210,Torchlight III
1198,1063660,Bendy and the Dark Revival
1199,228300,Remember Me
1200,306020,Bloons TD 5
1201,698670,Scorn
1202,10150,Prototype‚Ñ¢
1203,204340,Serious Sam 2
1204,1139980,Travellers Rest
1205,2427700,Backpack Battles
1206,39510,Gothic II: Gold Edition
1207,282900,Hyperdimension Neptunia Re;Birth1
1208,234670,NARUTO SHIPPUDEN: Ultimate Ninja STORM 3 Full Burst HD
1209,206190,Gunpoint
1210,204880,Sins of a Solar Empire¬Æ: Rebellion
1211,950670,Gothic Playable Teaser
1212,225260,Brutal Legend
1213,280160,Aragami
1214,986130,Shadows of Doubt
1215,593600,PixARK
1216,1605220,Dune: Spice Wars
1217,673880,"Warhammer 40,000: Mechanicus"
1218,418340,RWBY: Grimm Eclipse
1219,1085510,Garfield Kart - Furious Racing
1220,552620,ATOM RPG: Post-apocalyptic indie game
1221,449960,Book of Demons
1222,1170950,Mortal Online 2
1223,813630,Supraland
1224,911400,Assassin's Creed¬Æ III Remastered
1225,1128000,Cube World
1226,1887840,Another Crab's Treasure
1227,2252570,Football Manager 2024
1228,238430,Contagion
1229,1629520,A Little to the Left
1230,528230,SYNTHETIK: Legion Rising
1231,428550,Momodora: Reverie Under The Moonlight
1232,332570,Amazing Frog?
1233,1338770,Sniper Ghost Warrior Contracts 2
1234,1128920,EVERSPACE‚Ñ¢ 2
1235,835960,The Talos Principle 2
1236,362930,Garfield Kart
1237,973580,Sniper Ghost Warrior Contracts
1238,784080,MechWarrior 5: Mercenaries
1239,1465460,Infection Free Zone
1240,245620,Tropico 5
1241,300380,Road Redemption
1242,607080,Psychonauts 2
1243,846770,DYSMANTLE
1244,2336220,Feed the Cups
1245,1782120,ZERO Sievert
1246,1522820,Orcs Must Die! 3
1247,1188930,Chrono Ark
1248,1377380,Night of the Dead
1249,268650,From the Depths
1250,1424330,Wobbledogs
1251,45760,Ultra Street Fighter¬Æ IV
1252,610370,Desperados III
1253,377840,FINAL FANTASY IX
1254,861540,Dicey Dungeons
1255,1676840,For The King II
1256,1137460,ALTF4
1257,1971650,OCTOPATH TRAVELER II
1258,707030,POSTAL 4: No Regerts
1259,914800,Coffee Talk
1260,1548850,Six Days in Fallujah
1261,1938010,WILD HEARTS‚Ñ¢
1262,329430,State of Decay: YOSE
1263,311310,Naval Action
1264,242700,Injustice: Gods Among Us Ultimate Edition
1265,273350,Evolve Stage 2
1266,1681430,RoboCop: Rogue City
1267,464060,RUINER
1268,1571440,Lunch Lady
1269,211400,Deadlight
1270,688420,Bad North: Jotunn Edition
1271,1611910,"Warhammer 40,000: Chaos Gate - Daemonhunters"
1272,423230,Furi
1273,1611600,WARNO
1274,249050,Dungeon of the ENDLESS‚Ñ¢
1275,1361000,In Silence
1276,792300,The Beast Inside
1277,410340,Liftoff¬Æ: FPV Drone Racing
1278,537800,Bomber Crew
1279,214340,Deponia
1280,1385380,Across the Obelisk
1281,234650,Shadowrun Returns
1282,799600,Cosmoteer: Starship Architect & Commander
1283,1238060,Dead Space‚Ñ¢ 3
1284,1286350,BPM: BULLETS PER MINUTE
1285,496300,Kingdom: New Lands
1286,446800,Transport Fever
1287,397340,SimplePlanes
1288,396750,EVERSPACE‚Ñ¢
1289,362960,Tyranny
1290,115320,Prototype 2
1291,604240,Shotgun Farmers
1292,99830,Crysis 2 - Maximum Edition
1293,108800,Crysis 2 - Maximum Edition
1294,1111460,Â∞èÁôΩÂÖîÁîµÂïÜ~Bunny e-Shop
1295,1283410,Tails of Iron
1296,1674170,Sprocket
1297,320,Half-Life 2: Deathmatch
1298,710920,Darksiders Genesis
1299,388880,Oxenfree
1300,952860,Ê≤≥Ê¥õÁæ§‰ø†ÂÇ≥ (Ho Tu Lo Shu Ôºö The Books of Dragon)
1301,1525700,Tavern Master
1302,444090,Paladins¬Æ
1303,1526490,Fear Surrounds
1304,1069740,Seen
1305,1285670,Post Void
1306,222480,Resident Evil Revelations
1307,1147550,Not For Broadcast
1308,339340,Resident Evil 0
1309,1012790,Into the Radius VR
1310,702670,Donut County
1311,714120,Little Misfortune
1312,354140,Five Nights at Freddy's 3
1313,1328660,Need for Speed‚Ñ¢ Hot Pursuit Remastered
1314,9420,Supreme Commander: Forged Alliance
1315,790740,Tick Tock: A Tale for Two
1316,2646460,Soulmask
1317,399810,Call of Cthulhu¬Æ
1318,597220,West of Loathing
1319,2072450,Like a Dragon: Infinite Wealth
1320,631510,Devil May Cry HD Collection
1321,764790,The Messenger
1322,1084160,Jagged Alliance 3
1323,1115690,"Yes, Your Grace"
1324,990630,The Last Campfire
1325,238370,Magicka 2
1326,1404850,Luck be a Landlord
1327,290080,Life is Feudal: Your Own
1328,1259980,RIDE 4
1329,12900,AudioSurf
1330,519190,Next Day: Survival
1331,544750,SOULCALIBUR VI
1332,718670,Cultist Simulator
1333,2291760,Papa's Freezeria Deluxe
1334,13520,Far Cry¬Æ
1335,1740720,Have a Nice Death
1336,1577120,The Quarry
1337,403190,Planetbase
1338,874260,The Forgotten City
1339,613830,CHRONO TRIGGER¬Æ
1340,814370,Monster Sanctuary
1341,360170,How to Survive 2
1342,2114740,Blasphemous 2
1343,2075070,KinitoPET
1344,398710,Timberman
1345,1164940,Trepang2
1346,1331550,Big Ambitions
1347,1059990,Trombone Champ
1348,614570,Dishonored¬Æ: Death of the Outsider‚Ñ¢
1349,21000,LEGO¬Æ Batman‚Ñ¢: The Videogame
1350,1007040,EARTH DEFENSE FORCE 5
1351,616560,Ultimate Epic Battle Simulator
1352,227860,Castle Story
1353,443810,This Is the Police
1354,2027330,GoreBox
1355,496240,Onward
1356,4932,Natural Selection 2
1357,4920,Natural Selection 2
1358,1785150,Friends vs Friends
1359,753420,Dungreed
1360,330840,Game of Thrones - A Telltale Games Series
1361,375480,Chronicon
1362,12150,Max Payne 2: The Fall of Max Payne
1363,658850,Do Not Feed the Monkeys
1364,469820,Genital Jousting
1365,1244090,Sea of Stars
1366,690040,SUPERHOT: MIND CONTROL DELETE
1367,470310,TROUBLESHOOTER: Abandoned Children
1368,872670,SCP: 5K
1369,257350,Baldur's Gate II: Enhanced Edition
1370,1249800,Xuan-Yuan Sword VII
1371,1293230,House of Detention
1372,656350,UnderMine
1373,209080,Guns of Icarus Online
1374,913740,WORLD OF HORROR
1375,324160,CLANNAD
1376,242640,Styx: Master of Shadows
1377,356570,Party Hard
1378,2239550,Watch Dogs¬Æ: Legion
1379,226860,Galactic Civilizations III
1380,573100,Battlefleet Gothic: Armada 2
1381,224480,Octodad: Dadliest Catch
1382,1205450,Turnip Boy Commits Tax Evasion
1383,1810580,Nobody - The Turnaround
1384,491950,Orwell: Keeping an Eye On You
1385,1042550,Digimon Story Cyber Sleuth: Complete Edition
1386,686200,Door Kickers: Action Squad
1387,360940,The Mean Greens - Plastic Warfare
1388,458710,Kingdom Rush Frontiers - Tower Defense
1389,803330,Destroy All Humans!
1390,327030,Worms W.M.D
1391,2340650,Âè§ÈæôÈ£é‰∫ëÂΩï
1392,515180,Bus Simulator 18
1393,1136160,Internet Cafe Simulator
1394,1367550,Kingdom Rush Vengeance - Tower Defense
1395,533300,Zup!
1396,586140,BlazBlue Centralfiction
1397,611670,The Elder Scrolls V: Skyrim VR
1398,867210,Songs of Conquest
1399,2285150,The Front
1400,230230,Divinity: Original Sin (Classic)
1401,621830,WRC 7 FIA World Rally Championship
1402,50640,Darksiders‚Ñ¢
1403,50620,Darksiders‚Ñ¢
1404,242550,Rayman¬Æ Legends
1405,617830,SUPERHOT VR
1406,930210,HuniePop 2: Double Date
1407,2088570,Tiny Rogues
1408,669330,Mechabellum
1409,462770,Pyre
1410,70000,Dino D-Day
1411,1406990,NEKOPARA Vol. 4
1412,40990,Mafia
1413,48220,Might & Magic: Heroes VI
1414,2171440,Fear & Hunger 2: Termina
1415,665360,Comedy Night
1416,1202130,Starship Troopers: Terran Command
1417,57690,Tropico 4
1418,221260,Little Inferno
1419,351290,SURVIVAL: Postapocalypse Now
1420,367580,Hook
1421,331600,One Piece Pirate Warriors 3
1422,1372280,MELTY BLOOD: TYPE LUMINA
1423,589590,Kindergarten
1424,39500,Gothic¬Æ 3
1425,266510,Hand of Fate
1426,1307890,Kingdoms Reborn
1427,40950,Stronghold HD (2012)
1428,505230,Pathologic 2
1429,2130,Dark Messiah of Might & Magic
1430,2100,Dark Messiah of Might & Magic
1431,270550,Yet Another Zombie Defense
1432,248610,Door Kickers
1433,2163330,Yet Another Zombie Survivors
1434,222940,THE KING OF FIGHTERS XIII STEAM EDITION
1435,572890,Pikuniku
1436,816090,Space Hulk: Deathwing Enhanced Edition
1437,2060130,Return to Monkey Island
1438,40100,Supreme Commander 2
1439,979110,Space Haven
1440,2630,Call of Duty¬Æ 2
1441,536270,Ancestors: The Humankind Odyssey
1442,3480,Peggle Deluxe
1443,1504500,OPUS: Echo of Starsong - Full Bloom Edition
1444,304930,Unturned
1445,1324130,Stranded: Alien Dawn
1446,601220,Zup! F
1447,312670,Strange Brigade
1448,214510,LEGO¬Æ The Lord of the Rings‚Ñ¢
1449,1090630,Granblue Fantasy: Versus
1450,598700,The Vagrant
1451,924140,Hand Simulator: Survival
1452,1812450,Bellwright
1453,589360,Ni no Kuni‚Ñ¢ II: Revenant Kingdom
1454,1054490,Wingspan
1455,961200,Predecessor
1456,446020,Jalopy
1457,1295510,DRAGON QUEST¬Æ XI S: Echoes of an Elusive Age‚Ñ¢ - Definitive Edition
1458,252610,Death Road to Canada
1459,352720,The Universim
1460,900270,Reventure
1461,208200,DOOM 3
1462,8500,EVE Online
1463,933820,Endzone - A World Apart
1464,252330,Slender: The Arrival
1465,251150,The Legend of Heroes: Trails in the Sky
1466,430960,Lucy -The Eternity She Wished For-
1467,301910,Saints Row: Gat out of Hell
1468,24780,SimCity‚Ñ¢ 4 Deluxe Edition
1469,1126290,Lost
1470,2440510,Forza Motorsport
1471,2666510,Rusty's Retirement
1472,502520,Ultimate General: Civil War
1473,253430,CastleMiner Z
1474,307960,IL-2 Sturmovik: Battle of Stalingrad
1475,321360,Primal Carnage: Extinction
1476,1239080,Door Kickers 2: Task Force North
1477,378540,The Surge
1478,407130,Tank Mechanic Simulator
1479,872790,Football Manager 2019
1480,32430,STAR WARS‚Ñ¢ - The Force Unleashed‚Ñ¢ Ultimate Sith Edition
1481,12220,Grand Theft Auto: Episodes from Liberty City
1482,2071280,Ravenswatch
1483,2142790,Fields of Mistria
1484,482400,System Shock
1485,1615290,Ravenous Devils
1486,342180,Arizona Sunshine¬Æ
1487,215530,The Incredible Adventures of Van Helsing
1488,327410,A Bird Story
1489,520440,GUILTY GEAR Xrd REV 2
1490,368370,Her Story
1491,1070710,Kind Words (lo fi chill beats to write to)
1492,578620,GORN
1493,210770,Sanctum 2
1494,39150,FINAL FANTASY VIII
1495,2187290,Wall World
1496,675260,Batman: The Enemy Within - The Telltale Series
1497,584980,Late Shift
1498,360740,Downwell
1499,893180,Catherine Classic
